1;Senateur;5;1992
2;Senateur;5.6;1995
3;Senateur;5.9;1998
4;Senateur;10.9;2001
5;Senateur;16.9;2004
6;Senateur;21.9;2008
7;Senateur;22.1;2011
8;Senateur;25;2014
9;Senateur;32.1;2017
10;Deputes;6;1993
11;Deputes;11;1997
12;Deputes;12.3;2002
13;Deputes;18.5;2007
14;Deputes;26.9;2012
15;Deputes;38.8;2017
16;Conseiller regionnaux;12;1992
17;Conseiller regionnaux;27.1;1998
18;Conseiller regionnaux;47.6;2004
19;Conseiller regionnaux;48;2010
20;Conseiller regionnaux;47.8;2015
21;Conseiller departementaux;5.6;1992
22;Conseiller departementaux;5.4;1994
23;Conseiller departementaux;8.6;1998
24;Conseiller departementaux;9.8;2001
25;Conseiller departementaux;10.9;2004
26;Conseiller departementaux;13.1;2008
27;Conseiller departementaux;13.8;2011
28;Conseiller departementaux;50;2015
29;Conseillier municipaux;21.7;1995
30;Conseillier municipaux;33;2001
31;Conseillier municipaux;36;2008
32;Conseillier municipaux;40.3;2014