{"ratio": [], "shift": [["Durant,ANNÉE", 0], ["Durant,PAROLE", 0], ["L'année,ANNÉE", 0], ["L'année,SALAIRE", 0], ["En,ANNÉE", 0], ["En,ELUES", 0]], "colors": [["annotation_color", "#3288bd"], ["annotation_text_color", "#ffffbf"], ["association_attribute_text_color", "#000000"], ["association_cartouche_color", "#abdda4"], ["association_cartouche_text_color", "#000000"], ["association_color", "#e6f598"], ["association_stroke_color", "#66c2a5"], ["background_color", "#ffffbf"], ["card_text_color", "#d53e4f"], ["entity_attribute_text_color", "#000000"], ["entity_cartouche_color", "#fdae61"], ["entity_cartouche_text_color", "#000000"], ["entity_color", "#fee08b"], ["entity_stroke_color", "#f46d43"], ["leg_stroke_color", "#66c2a5"], ["transparent_color", "none"]], "cy": [["Durant", 68], ["PAROLE", 68], ["ANNÉE", 194], ["L'année", 194], ["SALAIRE", 194], ["En", 303], ["ELUES", 303]], "cx": [["Durant", 37], ["PAROLE", 137], ["ANNÉE", 37], ["L'année", 137], ["SALAIRE", 239], ["En", 37], ["ELUES", 137]], "size": [287, 354]}